[
    {
        "university": "One Junior High School of Sumberlawang",
		"logo": "images/smp-logo.png",
        "major": "",
        "year": "2016 - 2018",
        "description": "During my time in middle school, I actively developed my hard skills by participating in various competitions, including the National Science Olympiad (OSN) 2017 and the Level IV Scout Competition (LT-IV) of the Central Java Province 2017. In addition, I also played an active role in classroom learning activities to enhance academic understanding and critical thinking skills."
    },
    {
        "university": "One Senior High School of Gemolong",
		"logo": "images/sma-logo.png",
        "major": "Science",
        "year": "2019 - 2021",
        "description": "Attending high school at SMA Negeri 1 Gemolong with a major in Natural Sciences (IPA). During my studies, I deepened my knowledge in the fields of Physics, Biology, Chemistry, and Mathematics. Outside of academic activities, I was active in school organizations, including being entrusted as a Scout representative in the OSIS management structure, which strengthened my leadership, collaboration, and communication skills."
    },
    {
        "university": "State Polytechnic of Semarang",
		"logo": "images/polines-logo.png",
        "major": "Diploma of Electrical Engineering",
        "year": "2022 - Present",
        "description": "Currently, I am pursuing a degree in Electrical Engineering at Semarang State Polytechnic. This program provides in-depth understanding of electronics, programming, and engineering design, which prepares me for a career in technology and innovation. Outside of academic activities, I am also actively involved as a volunteer and committee member in various organizational work programs on campus, in order to develop managerial skills, teamwork, and leadership."
    }
]